<?xml version="1.0" encoding="UTF-8" standalone="no"?>
<project>
    	
    <configuration id="at.bachmann.cdt.config.cpp.compiler5.5.1541419894" name="Bachmann_5.5_Configuration">
        		
        <extension point="org.eclipse.cdt.core.LanguageSettingsProvider">
            			
            <provider copy-of="extension" id="org.eclipse.cdt.ui.UserLanguageSettingsProvider"/>
            			
            <provider-reference id="org.eclipse.cdt.managedbuilder.core.MBSLanguageSettingsProvider" ref="shared-provider"/>
            			
            <provider class="at.bachmann.cdt.toolchain.gcc.langsettings.CSpecsDetector" console="false" env-hash="-309333274895856620" id="at.bachmann.cdt.toolchain.gcc.BaGCCBuiltinSpecsDetector" keep-relative-paths="false" name="Bachmann GCC 5.5 BuiltinSpecDetector" parameter="${COMMAND} ${FLAGS} -E -P -v -dD &quot;${INPUTS}&quot;" prefer-non-shared="true">
                				
                <language-scope id="org.eclipse.cdt.core.gcc"/>
                				
                <language-scope id="org.eclipse.cdt.core.g++"/>
                			
            </provider>
            		
        </extension>
        	
    </configuration>
    
</project>
